id	pos	MA0	MA1	MA2	MA3	MA6	MA9	MA10	Con
1	23791831	0.00	0.00	0.00	0.13	0.26	0.24	0.03	0
2	39881199	0.02	0.00	0.05	0.16	0.24	0.24	0.03	0
3	47673031	0.00	0.00	0.00	0.21	0.19	0.29	0.00	0
4	105816447	0.00	0.00	0.00	0.20	0.35	0.56	0.05	0
5	231566553	0.00	0.00	0.00	0.17	0.30	0.45	0.03	0
6	1196735	0.00	0.00	0.00	0.22	0.33	0.25	0.03	0
7	1808165	0.00	0.00	0.00	0.19	0.26	0.35	0.00	0
8	23181228	0.00	0.00	0.00	0.20	0.09	0.08	0.03	0
9	26443013	0.00	0.00	0.00	0.16	0.31	0.32	0.03	0
10	39281986	0.00	0.00	0.00	0.09	0.32	0.29	0.03	0
11	68358116	0.00	0.00	0.00	0.15	0.33	0.33	0.00	0
12	80969071	0.00	0.00	0.00	0.17	0.30	0.25	0.02	0
13	95153913	0.00	0.00	0.00	0.15	0.48	0.34	0.03	0
14	113826186	0.00	0.00	0.00	0.11	0.32	0.32	0.00	0
15	115409104	0.00	0.00	0.02	0.30	0.20	0.33	0.00	0
16	2950947	0.02	0.00	0.00	0.10	0.07	0.14	0.00	0
17	5858526	0.00	0.00	0.00	0.24	0.30	0.27	0.02	0
18	13893426	0.00	0.00	0.00	0.23	0.32	0.13	0.05	0
19	44406199	0.00	0.00	0.00	0.23	0.33	0.18	0.00	0
20	53761109	0.03	0.04	0.03	0.10	0.05	0.12	0.03	0
21	77601251	0.00	0.00	0.00	0.14	0.26	0.41	0.00	0
22	97747784	0.00	0.00	0.00	0.20	0.13	0.19	0.03	0
23	105036359	0.00	0.00	0.00	0.16	0.17	0.40	0.03	0
24	29438247	0.00	0.00	0.00	0.39	0.41	0.40	0.06	0
25	58637797	0.00	0.00	0.00	0.21	0.41	0.32	0.02	0
26	90548472	0.00	0.00	0.00	0.21	0.31	0.31	0.03	0
27	104535642	0.00	0.03	0.00	0.23	0.40	0.28	0.00	0
28	25783424	0.00	0.00	0.00	0.30	0.26	0.55	0.04	0
29	79004468	0.00	0.00	0.00	0.40	0.37	0.50	0.03	0
30	79520270	0.00	0.00	0.00	0.41	0.56	0.64	0.00	0
31	101997013	0.00	0.00	0.00	0.18	0.39	0.13	0.03	0
32	8237380	0.00	0.00	0.00	0.25	0.40	0.21	0.00	0
33	17899964	0.00	0.00	0.02	0.25	0.29	0.19	0.03	0
34	34533152	0.00	0.00	0.00	0.12	0.23	0.39	0.04	0
35	34740673	0.00	0.00	0.00	0.15	0.30	0.19	0.03	0
36	12364681	0.00	0.00	0.00	0.19	0.27	0.29	0.02	0
37	28201915	0.00	0.00	0.00	0.06	0.35	0.16	0.00	0
38	10903695	0.00	0.00	0.00	0.18	0.29	0.34	0.03	0
39	13582819	0.00	0.00	0.00	0.20	0.31	0.36	0.02	0
40	26135910	0.00	0.00	0.00	0.31	0.27	0.35	0.02	0
41	26135919	0.00	0.00	0.00	0.33	0.31	0.33	0.02	0
42	28452050	0.00	0.00	0.00	0.17	0.24	0.19	0.05	0
43	32963045	0.00	0.00	0.00	0.09	0.18	0.34	0.00	0
44	70681748	0.00	0.00	0.00	0.13	0.27	0.26	0.04	0
45	71552392	0.00	0.00	0.00	0.18	0.21	0.30	0.03	0
46	21674573	0.00	0.00	0.00	0.12	0.26	0.41	0.03	0
47	42752376	0.00	0.04	0.03	0.11	0.13	0.25	0.04	0
48	55321699	0.00	0.00	0.00	0.11	0.41	0.32	0.03	0
49	2397825	0.00	0.03	0.00	0.17	0.40	0.24	0.00	0
50	31618316	0.00	0.00	0.00	0.14	0.18	0.20	0.00	0
51	48417612	0.00	0.00	0.00	0.28	0.26	0.17	0.03	0
52	49537381	0.00	0.00	0.05	0.24	0.28	0.24	0.00	0
53	53186102	0.00	0.00	0.00	0.06	0.21	0.32	0.05	0
54	82047361	0.03	0.00	0.00	0.13	0.38	0.36	0.00	0
55	117665839	0.04	0.00	0.05	0.13	0.23	0.23	0.04	0
56	221264637	0.00	0.00	0.00	0.13	0.36	0.36	0.00	0
57	228119193	0.00	0.02	0.00	0.15	0.17	0.36	0.00	0
58	242608428	0.00	0.00	0.00	0.20	0.24	0.31	0.00	0
59	2192107	0.00	0.00	0.00	0.16	0.28	0.15	0.00	0
60	19389901	0.00	0.00	0.00	0.25	0.21	0.30	0.00	0
61	18289282	0.00	0.00	0.00	0.34	0.23	0.43	0.03	0
62	31407462	0.04	0.00	0.04	0.26	0.16	0.11	0.04	0
63	36303771	0.00	0.00	0.00	0.24	0.18	0.15	0.03	0
64	45423598	0.00	0.00	0.00	0.27	0.30	0.41	0.00	0
65	78530076	0.00	0.00	0.00	0.24	0.26	0.47	0.04	0
66	88673706	0.00	0.00	0.00	0.30	0.42	0.33	0.05	0
67	117948168	0.00	0.00	0.03	0.15	0.29	0.30	0.00	0
68	184534399	0.00	0.00	0.00	0.24	0.30	0.30	0.03	0
69	10562630	0.00	0.00	0.00	0.05	0.19	0.29	0.03	0
70	24239313	0.00	0.00	0.00	0.18	0.41	0.43	0.02	0
71	35228970	0.00	0.00	0.00	0.14	0.22	0.27	0.03	0
72	44517502	0.00	0.00	0.00	0.18	0.23	0.36	0.00	0
73	78412192	0.00	0.00	0.00	0.16	0.27	0.41	0.00	0
74	92156106	0.00	0.00	0.00	0.18	0.20	0.33	0.00	0
75	159946100	0.00	0.00	0.00	0.18	0.33	0.39	0.00	0
76	189429930	0.03	0.03	0.02	0.09	0.16	0.06	0.03	0
77	18595678	0.00	0.00	0.00	0.23	0.43	0.36	0.02	0
78	20520537	0.00	0.00	0.00	0.14	0.53	0.64	0.03	0
79	20695232	0.00	0.00	0.00	0.28	0.29	0.38	0.00	0
80	41428076	0.00	0.00	0.00	0.15	0.17	0.39	0.02	0
81	58874589	0.00	0.00	0.00	0.21	0.40	0.31	0.03	0
82	62491390	0.00	0.00	0.00	0.06	0.41	0.35	0.00	0
83	84144142	0.00	0.00	0.00	0.24	0.28	0.21	0.02	0
84	88434460	0.00	0.00	0.00	0.25	0.18	0.22	0.04	0
85	98151968	0.00	0.00	0.00	0.18	0.21	0.32	0.03	0
86	100449836	0.00	0.00	0.00	0.18	0.38	0.27	0.02	0
87	161180394	0.00	0.00	0.00	0.09	0.17	0.22	0.04	0
88	161405791	0.00	0.00	0.00	0.16	0.27	0.30	0.00	0
89	171223845	0.00	0.03	0.00	0.05	0.30	0.26	0.03	0
90	175231538	0.02	0.02	0.00	0.21	0.29	0.47	0.04	0
91	4539893	0.00	0.00	0.00	0.17	0.21	0.31	0.02	0
92	27105109	0.00	0.00	0.00	0.16	0.29	0.23	0.00	0
93	27280049	0.00	0.00	0.00	0.16	0.34	0.29	0.00	0
94	49054378	0.00	0.00	0.00	0.19	0.49	0.36	0.00	0
95	76903168	0.00	0.00	0.04	0.17	0.29	0.25	0.05	0
96	87249545	0.00	0.00	0.00	0.15	0.28	0.13	0.00	0
97	88700865	0.00	0.00	0.00	0.12	0.25	0.28	0.00	0
98	151636189	0.00	0.00	0.05	0.13	0.27	0.23	0.00	0
99	162205688	0.00	0.00	0.02	0.17	0.33	0.21	0.02	0
100	162429049	0.00	0.00	0.00	0.18	0.24	0.33	0.00	0
101	163571465	0.00	0.00	0.00	0.13	0.24	0.44	0.00	0
102	45104180	0.00	0.00	0.00	0.20	0.42	0.33	0.05	0
103	50951504	0.00	0.00	0.00	0.28	0.31	0.38	0.02	0
104	68946992	0.00	0.00	0.00	0.15	0.24	0.46	0.00	0
105	70602085	0.00	0.00	0.00	0.21	0.28	0.20	0.04	0
106	103669355	0.00	0.00	0.00	0.17	0.24	0.24	0.02	0
107	150464544	0.00	0.00	0.00	0.17	0.19	0.05	0.00	0
108	153891352	0.00	0.03	0.02	0.25	0.18	0.21	0.02	0
109	11021001	0.00	0.00	0.00	0.11	0.11	0.10	0.00	0
110	18078821	0.00	0.00	0.00	0.32	0.36	0.26	0.00	0
111	50381568	0.00	0.00	0.00	0.18	0.47	0.34	0.02	0
112	57633890	0.00	0.00	0.00	0.11	0.43	0.35	0.00	0
113	65623995	0.00	0.00	0.00	0.21	0.42	0.15	0.00	0
114	77999447	0.00	0.00	0.00	0.23	0.31	0.11	0.03	0
115	96831295	0.00	0.00	0.00	0.19	0.20	0.27	0.00	0
116	133388125	0.00	0.00	0.00	0.17	0.24	0.19	0.00	0
117	138174834	0.00	0.00	0.00	0.13	0.38	0.18	0.00	0
118	98355957	0.02	0.02	0.00	0.05	0.07	0.18	0.00	0
119	108486684	0.00	0.00	0.00	0.21	0.23	0.19	0.03	0
120	138317055	0.00	0.03	0.00	0.12	0.12	0.17	0.00	0
121	62283579	0.04	0.06	0.06	0.13	0.06	0.19	0.05	0
122	90136298	0.00	0.00	0.00	0.32	0.52	0.43	0.00	0
123	111329400	0.00	0.00	0.00	0.20	0.32	0.25	0.05	0
124	133295366	0.04	0.00	0.06	0.42	0.58	0.37	0.06	0
125	146003169	0.00	0.00	0.00	0.39	0.54	0.63	0.04	0
126	18749367	0.00	0.00	0.00	0.11	0.34	0.38	0.09	0
127	18988619	0.04	0.07	0.08	0.14	0.24	0.15	0.24	0
128	28707895	0.00	0.04	0.03	0.05	0.15	0.06	0.09	0
129	93692464	0.00	0.00	0.00	0.20	0.55	0.38	0.06	0
130	245802473	0.05	0.00	0.00	0.28	0.39	0.67	0.08	0
131	23643806	0.02	0.00	0.00	0.04	0.08	0.22	0.05	0
132	30433701	0.03	0.02	0.04	0.17	0.08	0.13	0.05	0
133	45788174	0.00	0.00	0.00	0.15	0.20	0.25	0.06	0
134	109950607	0.00	0.00	0.00	0.16	0.12	0.07	0.10	0
135	135148151	0.00	0.00	0.06	0.40	0.13	0.09	0.09	0
136	11024025	0.04	0.00	0.00	0.22	0.10	0.09	0.17	0
137	11501916	0.00	0.00	0.00	0.15	0.30	0.40	0.06	0
138	19432895	0.00	0.00	0.00	0.12	0.38	0.38	0.06	0
139	24623724	0.00	0.00	0.00	0.15	0.08	0.06	0.04	0
140	29941192	0.00	0.00	0.00	0.26	0.26	0.26	0.05	0
141	56443574	0.00	0.00	0.00	0.12	0.32	0.35	0.04	0
142	79642108	0.00	0.00	0.00	0.23	0.36	0.28	0.12	0
143	97242026	0.00	0.00	0.00	0.32	0.16	0.29	0.11	0
144	98650706	0.00	0.00	0.00	0.17	0.14	0.20	0.05	0
145	99690049	0.00	0.03	0.03	0.08	0.11	0.20	0.08	0
146	112049620	0.00	0.00	0.00	0.14	0.19	0.27	0.04	0
147	115005454	0.04	0.00	0.00	0.13	0.14	0.27	0.07	0
148	115214897	0.00	0.00	0.00	0.16	0.35	0.33	0.04	0
149	12755352	0.00	0.00	0.00	0.17	0.31	0.26	0.05	0
150	29822188	0.00	0.00	0.00	0.19	0.39	0.27	0.08	0
151	38203055	0.00	0.00	0.00	0.23	0.26	0.31	0.04	0
152	38846136	0.00	0.00	0.00	0.20	0.23	0.26	0.04	0
153	49552086	0.02	0.00	0.03	0.09	0.20	0.07	0.06	0
154	118657694	0.00	0.00	0.03	0.15	0.08	0.19	0.09	0
155	133486596	0.04	0.04	0.00	0.06	0.21	0.06	0.10	0
156	57379382	0.00	0.00	0.00	0.13	0.21	0.29	0.09	0
157	69930273	0.00	0.00	0.02	0.22	0.27	0.22	0.05	0
158	49892386	0.00	0.00	0.00	0.30	0.48	0.54	0.15	0
159	95696567	0.00	0.00	0.00	0.27	0.24	0.31	0.08	0
160	98043469	0.00	0.00	0.00	0.16	0.30	0.23	0.06	0
161	101486491	0.00	0.04	0.05	0.09	0.14	0.16	0.10	0
162	24183746	0.00	0.00	0.00	0.14	0.63	0.35	0.16	0
163	27722062	0.04	0.00	0.00	0.29	0.42	0.38	0.06	0
164	8352298	0.00	0.00	0.00	0.21	0.22	0.37	0.06	0
165	8363868	0.00	0.00	0.00	0.14	0.22	0.22	0.05	0
166	83390204	0.00	0.03	0.00	0.19	0.19	0.22	0.06	0
167	7095748	0.04	0.00	0.03	0.24	0.19	0.11	0.12	0
168	26715875	0.00	0.00	0.00	0.16	0.42	0.37	0.08	0
169	44330265	0.00	0.03	0.02	0.06	0.05	0.14	0.12	0
170	47877319	0.00	0.03	0.04	0.23	0.07	0.07	0.07	0
171	1172032	0.00	0.00	0.00	0.20	0.21	0.23	0.04	0
172	71727158	0.00	0.00	0.00	0.17	0.26	0.18	0.06	0
173	1059602	0.03	0.03	0.03	0.14	0.16	0.12	0.21	0
174	22585478	0.00	0.00	0.00	0.07	0.37	0.06	0.07	0
175	23032908	0.02	0.02	0.02	0.20	0.33	0.35	0.05	0
176	35402514	0.00	0.00	0.00	0.15	0.43	0.35	0.05	0
177	40195450	0.00	0.00	0.00	0.17	0.19	0.36	0.07	0
178	6548304	0.03	0.00	0.02	0.05	0.09	0.06	0.14	0
179	15987863	0.00	0.00	0.00	0.24	0.45	0.23	0.06	0
180	26670196	0.03	0.03	0.03	0.19	0.10	0.12	0.08	0
181	37236443	0.00	0.00	0.00	0.08	0.06	0.20	0.05	0
182	76559761	0.00	0.05	0.03	0.08	0.07	0.08	0.18	0
183	82908373	0.00	0.00	0.00	0.26	0.30	0.33	0.06	0
184	95361534	0.00	0.02	0.00	0.21	0.25	0.33	0.08	0
185	104358722	0.00	0.00	0.00	0.20	0.41	0.22	0.04	0
186	108848816	0.00	0.00	0.00	0.28	0.30	0.14	0.07	0
187	156206877	0.00	0.00	0.00	0.17	0.31	0.25	0.06	0
188	158385469	0.00	0.00	0.00	0.20	0.36	0.22	0.06	0
189	158839859	0.00	0.00	0.00	0.18	0.38	0.43	0.04	0
190	185901677	0.03	0.03	0.00	0.15	0.17	0.07	0.09	0
191	227431078	0.00	0.00	0.02	0.12	0.27	0.27	0.06	0
192	234665944	0.00	0.05	0.00	0.17	0.24	0.13	0.13	0
193	8810321	0.00	0.00	0.00	0.10	0.23	0.35	0.07	0
194	21225039	0.00	0.00	0.00	0.19	0.21	0.13	0.08	0
195	43209104	0.00	0.00	0.00	0.12	0.26	0.18	0.09	0
196	35990826	0.00	0.00	0.00	0.24	0.36	0.30	0.06	0
197	18593984	0.05	0.05	0.06	0.08	0.27	0.35	0.09	0
198	13910517	0.07	0.06	0.05	0.14	0.14	0.12	0.16	0
199	88905396	0.00	0.06	0.00	0.30	0.54	0.47	0.09	0
200	98028321	0.00	0.00	0.00	0.16	0.28	0.29	0.05	0
201	135918927	0.03	0.00	0.00	0.08	0.08	0.15	0.04	0
202	5588201	0.00	0.00	0.00	0.11	0.23	0.38	0.08	0
203	8771253	0.05	0.05	0.07	0.29	0.11	0.21	0.17	0
204	41493164	0.03	0.04	0.04	0.16	0.09	0.13	0.06	0
205	45625515	0.00	0.00	0.00	0.22	0.25	0.27	0.04	0
206	56149844	0.00	0.00	0.00	0.21	0.28	0.25	0.04	0
207	61941484	0.00	0.00	0.00	0.39	0.62	0.71	0.14	0
208	69028646	0.00	0.00	0.00	0.21	0.33	0.31	0.15	0
209	69951335	0.00	0.02	0.00	0.23	0.30	0.34	0.06	0
210	71253808	0.00	0.00	0.00	0.27	0.35	0.17	0.10	0
211	72954541	0.00	0.00	0.00	0.15	0.28	0.32	0.04	0
212	136060428	0.02	0.00	0.03	0.12	0.37	0.25	0.05	0
213	146154668	0.00	0.00	0.00	0.12	0.29	0.28	0.04	0
214	158298045	0.00	0.00	0.00	0.19	0.37	0.21	0.08	0
215	161961942	0.00	0.00	0.00	0.31	0.21	0.28	0.05	0
216	172639579	0.00	0.00	0.03	0.17	0.25	0.39	0.08	0
217	176204829	0.00	0.02	0.00	0.18	0.24	0.22	0.12	0
218	190417236	0.07	0.06	0.06	0.08	0.13	0.19	0.28	0
219	30080731	0.00	0.00	0.00	0.20	0.41	0.21	0.06	0
220	84978296	0.00	0.00	0.00	0.16	0.28	0.23	0.11	0
221	157871971	0.00	0.00	0.00	0.12	0.13	0.32	0.05	0
222	160727215	0.00	0.00	0.00	0.13	0.33	0.26	0.06	0
223	161812779	0.00	0.00	0.00	0.14	0.24	0.20	0.10	0
224	171183292	0.00	0.00	0.00	0.18	0.32	0.25	0.09	0
225	21608788	0.02	0.03	0.03	0.05	0.06	0.13	0.19	0
226	21944802	0.00	0.00	0.03	0.11	0.07	0.14	0.08	0
227	62293532	0.00	0.00	0.00	0.07	0.40	0.14	0.05	0
228	96054141	0.00	0.00	0.00	0.19	0.50	0.32	0.05	0
229	57826301	0.00	0.00	0.00	0.16	0.28	0.22	0.04	0
230	97169367	0.00	0.00	0.02	0.35	0.19	0.44	0.06	0
231	100682528	0.00	0.00	0.02	0.05	0.17	0.05	0.08	0
232	103518104	0.00	0.00	0.00	0.33	0.24	0.30	0.08	0
233	110960397	0.03	0.00	0.02	0.19	0.36	0.25	0.06	0
234	137132789	0.00	0.00	0.00	0.13	0.30	0.33	0.07	0
235	138387056	0.00	0.00	0.03	0.39	0.14	0.28	0.05	0
236	157719650	0.04	0.00	0.04	0.08	0.16	0.13	0.15	0
237	6239564	0.00	0.00	0.00	0.12	0.17	0.26	0.04	0
238	37705554	0.02	0.04	0.03	0.22	0.12	0.10	0.06	0
239	40565453	0.00	0.00	0.00	0.24	0.26	0.33	0.06	0
240	53865878	0.00	0.00	0.00	0.21	0.26	0.23	0.09	0
241	60789379	0.00	0.00	0.00	0.20	0.25	0.40	0.06	0
242	81553187	0.00	0.00	0.00	0.20	0.24	0.37	0.04	0
243	103246530	0.02	0.00	0.02	0.32	0.28	0.29	0.09	0
244	105630260	0.00	0.00	0.00	0.14	0.28	0.20	0.04	0
245	111865263	0.03	0.02	0.00	0.15	0.30	0.26	0.06	0
246	113035042	0.00	0.00	0.00	0.22	0.30	0.17	0.11	0
247	35804715	0.00	0.00	0.00	0.09	0.19	0.09	0.21	0
248	80078653	0.02	0.00	0.00	0.25	0.44	0.24	0.05	0
249	87518980	0.00	0.00	0.00	0.27	0.39	0.18	0.04	0
250	99390062	0.02	0.03	0.03	0.06	0.14	0.08	0.07	0
251	109980798	0.00	0.00	0.00	0.08	0.15	0.30	0.07	0
252	110478993	0.00	0.04	0.05	0.12	0.14	0.21	0.21	0
253	138522439	0.00	0.00	0.03	0.09	0.13	0.15	0.10	0
254	2723486	0.05	0.00	0.05	0.14	0.15	0.13	0.10	0
255	5068505	0.00	0.00	0.00	0.29	0.33	0.44	0.10	0
256	51185407	0.00	0.00	0.00	0.61	0.21	0.59	0.17	0
257	92346526	0.00	0.00	0.06	0.35	0.46	0.50	0.24	0
258	91841016	0.00	0.33	0.09	0.00	0.00	0.00	0.00	0
259	33174134	0.00	0.43	0.07	0.00	0.00	0.04	0.00	0
260	29002704	0.00	0.41	0.04	0.03	0.00	0.02	0.00	0
261	115605651	0.00	0.50	0.05	0.00	0.00	0.00	0.00	0
262	53657063	0.00	0.27	0.04	0.00	0.00	0.00	0.00	0
263	61467712	0.00	0.10	0.21	0.03	0.00	0.00	0.04	0
264	45028376	0.00	0.41	0.09	0.00	0.00	0.00	0.00	0
265	190190919	0.00	0.33	0.04	0.02	0.03	0.00	0.00	0
266	32959757	0.02	0.28	0.04	0.00	0.00	0.00	0.00	0
267	171370929	0.00	0.31	0.04	0.00	0.00	0.00	0.00	0
268	53399895	0.00	0.35	0.06	0.00	0.00	0.00	0.00	0
269	164660687	0.03	0.08	0.20	0.04	0.00	0.02	0.00	0
270	135254824	0.00	0.28	0.06	0.00	0.00	0.00	0.03	0
271	64884303	0.00	0.27	0.26	0.00	0.00	0.00	0.00	0
272	71908968	0.00	0.58	0.08	0.00	0.00	0.00	0.00	0
273	4944623	0.00	0.09	0.33	0.05	0.00	0.00	0.25	0
274	29526279	0.03	0.13	0.08	0.08	0.02	0.00	0.06	0
275	42954735	0.00	0.14	0.26	0.12	0.00	0.00	0.18	0
276	47481099	0.00	0.10	0.32	0.12	0.00	0.00	0.15	0
277	106253454	0.00	0.25	0.13	0.06	0.00	0.00	0.13	0
278	111416357	0.00	0.46	0.20	0.19	0.00	0.00	0.19	0
279	157328061	0.00	0.19	0.47	0.30	0.00	0.00	0.36	0
280	157328080	0.00	0.17	0.45	0.31	0.00	0.00	0.25	0
281	157346579	0.00	0.22	0.38	0.26	0.00	0.00	0.13	0
282	177405689	0.00	0.42	0.42	0.30	0.00	0.00	0.16	0
283	191175381	0.00	0.43	0.36	0.12	0.00	0.00	0.36	0
284	12700227	0.00	0.14	0.07	0.05	0.00	0.03	0.20	0
285	49590508	0.00	0.12	0.18	0.12	0.00	0.00	0.13	0
286	55249047	0.02	0.16	0.15	0.14	0.00	0.00	0.11	0
287	64802268	0.00	0.06	0.24	0.14	0.00	0.00	0.17	0
288	67203044	0.00	0.10	0.10	0.14	0.00	0.00	0.07	0
289	80398305	0.00	0.12	0.19	0.07	0.02	0.00	0.08	0
290	88421461	0.05	0.15	0.20	0.20	0.00	0.05	0.10	0
291	101300064	0.00	0.11	0.30	0.24	0.07	0.00	0.10	0
292	107175930	0.00	0.17	0.09	0.07	0.00	0.03	0.17	0
293	14800728	0.00	0.12	0.27	0.18	0.00	0.00	0.11	0
294	22250019	0.00	0.07	0.26	0.09	0.00	0.00	0.13	0
295	42391022	0.00	0.09	0.29	0.21	0.00	0.00	0.05	0
296	43698403	0.00	0.10	0.24	0.11	0.00	0.00	0.19	0
297	45774609	0.00	0.10	0.11	0.33	0.00	0.03	0.12	0
298	90195519	0.04	0.08	0.24	0.06	0.00	0.00	0.22	0
299	97133967	0.00	0.26	0.21	0.11	0.00	0.00	0.12	0
300	99678498	0.00	0.11	0.20	0.11	0.00	0.00	0.11	0
301	113758442	0.04	0.08	0.13	0.06	0.00	0.00	0.19	0
302	131551555	0.05	0.23	0.19	0.18	0.00	0.00	0.21	0
303	10105628	0.05	0.18	0.19	0.14	0.00	0.05	0.10	0
304	10191935	0.00	0.16	0.32	0.07	0.02	0.00	0.14	0
305	14495161	0.03	0.09	0.24	0.08	0.03	0.04	0.17	0
306	17580707	0.00	0.20	0.20	0.13	0.00	0.00	0.16	0
307	63358492	0.00	0.24	0.11	0.10	0.00	0.00	0.16	0
308	73825084	0.00	0.14	0.11	0.05	0.00	0.00	0.21	0
309	80742534	0.00	0.13	0.16	0.13	0.00	0.00	0.08	0
310	91933578	0.00	0.18	0.28	0.08	0.00	0.00	0.07	0
311	93350514	0.03	0.14	0.07	0.17	0.03	0.04	0.06	0
312	112964950	0.03	0.16	0.14	0.09	0.00	0.00	0.11	0
313	130405171	0.00	0.16	0.27	0.10	0.02	0.03	0.14	0
314	20883692	0.00	0.35	0.52	0.21	0.00	0.00	0.31	0
315	27267803	0.00	0.32	0.40	0.14	0.00	0.00	0.26	0
316	56855757	0.00	0.06	0.15	0.16	0.00	0.00	0.14	0
317	69098769	0.00	0.16	0.30	0.15	0.00	0.00	0.08	0
318	87485207	0.03	0.06	0.24	0.12	0.00	0.00	0.14	0
319	90913152	0.00	0.15	0.30	0.15	0.00	0.00	0.18	0
320	98253103	0.02	0.13	0.19	0.06	0.00	0.00	0.05	0
321	102691550	0.02	0.13	0.21	0.12	0.00	0.00	0.15	0
322	106182347	0.00	0.19	0.27	0.13	0.00	0.00	0.13	0
323	108651400	0.03	0.14	0.14	0.17	0.00	0.00	0.11	0
324	28782737	0.00	0.25	0.30	0.13	0.00	0.00	0.25	0
325	37625578	0.00	0.41	0.43	0.22	0.00	0.00	0.10	0
326	87300232	0.00	0.22	0.25	0.26	0.00	0.00	0.26	0
327	24773320	0.00	0.37	0.25	0.08	0.00	0.00	0.34	0
328	45210299	0.00	0.32	0.63	0.28	0.00	0.00	0.16	0
329	84112237	0.04	0.18	0.52	0.10	0.04	0.00	0.17	0
330	99130901	0.03	0.12	0.08	0.08	0.03	0.04	0.25	0
331	9499101	0.00	0.16	0.28	0.17	0.00	0.00	0.10	0
332	16114742	0.00	0.07	0.09	0.17	0.00	0.00	0.16	0
333	24000231	0.00	0.09	0.18	0.21	0.00	0.03	0.09	0
334	47714737	0.00	0.15	0.24	0.11	0.00	0.00	0.14	0
335	57969756	0.00	0.11	0.27	0.16	0.00	0.00	0.13	0
336	63876002	0.00	0.22	0.32	0.15	0.00	0.00	0.15	0
337	76147387	0.00	0.24	0.20	0.09	0.00	0.00	0.16	0
338	77057759	0.00	0.19	0.20	0.28	0.00	0.00	0.09	0
339	22087654	0.03	0.16	0.13	0.11	0.00	0.00	0.21	0
340	27684026	0.00	0.11	0.08	0.11	0.03	0.02	0.15	0
341	30202425	0.00	0.14	0.28	0.20	0.00	0.02	0.14	0
342	41722066	0.00	0.08	0.13	0.08	0.00	0.00	0.14	0
343	69424170	0.00	0.11	0.22	0.10	0.00	0.00	0.08	0
344	75153696	0.00	0.15	0.26	0.18	0.00	0.00	0.17	0
345	76283756	0.00	0.08	0.15	0.28	0.00	0.05	0.13	0
346	80989512	0.00	0.13	0.16	0.07	0.00	0.00	0.17	0
347	22116193	0.00	0.20	0.20	0.13	0.00	0.00	0.13	0
348	35898466	0.00	0.15	0.31	0.13	0.02	0.00	0.21	0
349	69918490	0.00	0.11	0.16	0.15	0.00	0.00	0.11	0
350	71679035	0.02	0.16	0.36	0.18	0.03	0.00	0.08	0
351	76702186	0.03	0.09	0.14	0.14	0.04	0.03	0.14	0
352	3886743	0.04	0.23	0.12	0.26	0.07	0.00	0.08	0
353	7908446	0.04	0.08	0.33	0.14	0.00	0.03	0.17	0
354	14748048	0.00	0.21	0.16	0.06	0.00	0.00	0.11	0
355	21426183	0.00	0.27	0.21	0.14	0.00	0.00	0.06	0
356	22663635	0.00	0.13	0.26	0.09	0.00	0.00	0.10	0
357	28884683	0.00	0.19	0.26	0.15	0.00	0.00	0.11	0
358	35496096	0.08	0.21	0.13	0.12	0.07	0.00	0.29	0
359	41625537	0.04	0.13	0.10	0.17	0.00	0.04	0.12	0
360	49264978	0.06	0.18	0.08	0.09	0.00	0.00	0.29	0
361	57316655	0.00	0.24	0.22	0.17	0.00	0.00	0.15	0
362	12051782	0.02	0.06	0.21	0.08	0.03	0.00	0.07	0
363	35045924	0.00	0.19	0.21	0.16	0.00	0.00	0.19	0
364	36224078	0.00	0.16	0.17	0.12	0.00	0.00	0.05	0
365	37429843	0.00	0.11	0.20	0.12	0.04	0.05	0.07	0
366	57775005	0.03	0.26	0.06	0.16	0.04	0.05	0.07	0
367	78310106	0.02	0.14	0.27	0.08	0.00	0.00	0.08	0
368	96323543	0.00	0.16	0.22	0.10	0.00	0.00	0.10	0
369	102934623	0.00	0.21	0.13	0.11	0.00	0.00	0.14	0
370	104379531	0.00	0.21	0.24	0.08	0.00	0.00	0.11	0
371	105340054	0.00	0.19	0.26	0.05	0.00	0.00	0.08	0
372	106853633	0.00	0.18	0.25	0.06	0.02	0.00	0.10	0
373	115161538	0.00	0.10	0.12	0.12	0.03	0.00	0.15	0
374	119731879	0.00	0.11	0.20	0.18	0.00	0.02	0.05	0
375	126849761	0.02	0.18	0.20	0.09	0.00	0.00	0.19	0
376	136682390	0.00	0.14	0.28	0.16	0.02	0.00	0.14	0
377	144672661	0.00	0.14	0.31	0.08	0.00	0.00	0.26	0
378	162157887	0.00	0.11	0.25	0.13	0.00	0.00	0.21	0
379	175813778	0.00	0.06	0.14	0.05	0.00	0.00	0.12	0
380	201945391	0.00	0.12	0.20	0.19	0.00	0.00	0.24	0
381	205658908	0.00	0.21	0.22	0.08	0.00	0.00	0.12	0
382	210831774	0.00	0.12	0.25	0.07	0.00	0.00	0.16	0
383	222708854	0.00	0.17	0.15	0.19	0.00	0.00	0.24	0
384	229143730	0.00	0.11	0.19	0.10	0.00	0.00	0.11	0
385	229159233	0.00	0.21	0.17	0.22	0.00	0.00	0.14	0
386	237095354	0.00	0.13	0.26	0.14	0.00	0.03	0.11	0
387	6435311	0.00	0.11	0.18	0.07	0.00	0.00	0.15	0
388	11223021	0.00	0.19	0.19	0.09	0.00	0.00	0.16	0
389	16063704	0.00	0.27	0.20	0.06	0.00	0.00	0.06	0
390	16236680	0.00	0.23	0.17	0.07	0.00	0.00	0.13	0
391	20916665	0.00	0.16	0.29	0.10	0.00	0.00	0.11	0
392	34882963	0.00	0.19	0.16	0.04	0.00	0.00	0.26	0
393	23018621	0.00	0.14	0.28	0.08	0.00	0.00	0.13	0
394	27616693	0.05	0.24	0.16	0.16	0.03	0.05	0.09	0
395	44324270	0.00	0.43	0.30	0.20	0.00	0.00	0.35	0
396	46880185	0.00	0.23	0.48	0.12	0.00	0.00	0.20	0
397	63241450	0.00	0.24	0.25	0.08	0.00	0.04	0.31	0
398	86732824	0.00	0.43	0.52	0.15	0.00	0.00	0.19	0
399	105797727	0.00	0.19	0.12	0.21	0.03	0.00	0.12	0
400	109141149	0.03	0.17	0.16	0.14	0.00	0.00	0.04	0
401	144655241	0.00	0.14	0.25	0.14	0.00	0.00	0.14	0
402	163569986	0.00	0.10	0.36	0.14	0.00	0.00	0.11	0
403	165988921	0.00	0.19	0.15	0.11	0.00	0.00	0.17	0
404	166926694	0.00	0.05	0.27	0.12	0.00	0.03	0.09	0
405	185382289	0.02	0.25	0.33	0.07	0.03	0.00	0.16	0
406	7011900	0.00	0.09	0.17	0.05	0.00	0.00	0.18	0
407	28026379	0.00	0.19	0.26	0.05	0.00	0.00	0.10	0
408	34446489	0.03	0.14	0.11	0.11	0.00	0.04	0.21	0
409	71181346	0.00	0.16	0.15	0.11	0.00	0.00	0.17	0
410	74328368	0.02	0.13	0.15	0.18	0.00	0.02	0.18	0
411	76347151	0.00	0.10	0.20	0.14	0.00	0.00	0.07	0
412	78487789	0.00	0.07	0.11	0.11	0.00	0.00	0.13	0
413	127263047	0.00	0.17	0.29	0.18	0.00	0.00	0.12	0
414	135472558	0.00	0.10	0.36	0.10	0.00	0.00	0.17	0
415	171184238	0.00	0.13	0.28	0.14	0.00	0.00	0.10	0
416	176417602	0.00	0.10	0.23	0.17	0.00	0.00	0.11	0
417	177437820	0.00	0.08	0.20	0.16	0.00	0.00	0.17	0
418	188124854	0.00	0.16	0.24	0.16	0.00	0.00	0.08	0
419	189615694	0.02	0.17	0.22	0.17	0.00	0.00	0.09	0
420	28096725	0.00	0.11	0.30	0.07	0.00	0.00	0.17	0
421	61526329	0.00	0.19	0.33	0.07	0.02	0.00	0.10	0
422	98706164	0.00	0.11	0.20	0.07	0.00	0.02	0.07	0
423	100995712	0.00	0.15	0.20	0.09	0.00	0.02	0.10	0
424	117193753	0.00	0.11	0.13	0.04	0.00	0.02	0.18	0
425	144779510	0.00	0.20	0.24	0.15	0.00	0.03	0.16	0
426	154248684	0.00	0.24	0.13	0.18	0.00	0.00	0.18	0
427	158037426	0.00	0.13	0.15	0.14	0.00	0.00	0.19	0
428	163445541	0.00	0.11	0.19	0.17	0.00	0.00	0.16	0
429	170132015	0.00	0.18	0.23	0.06	0.00	0.00	0.14	0
430	174537110	0.03	0.08	0.14	0.08	0.00	0.03	0.05	0
431	927266	0.00	0.15	0.21	0.07	0.00	0.00	0.22	0
432	3584375	0.02	0.21	0.22	0.10	0.00	0.00	0.07	0
433	9079908	0.00	0.08	0.16	0.11	0.00	0.00	0.05	0
434	17040593	0.00	0.11	0.21	0.10	0.00	0.00	0.13	0
435	49901189	0.00	0.23	0.21	0.13	0.00	0.00	0.18	0
436	77825489	0.00	0.19	0.28	0.16	0.00	0.00	0.18	0
437	99618931	0.00	0.17	0.15	0.13	0.00	0.00	0.12	0
438	123228927	0.00	0.06	0.18	0.14	0.00	0.00	0.17	0
439	123952851	0.00	0.10	0.30	0.15	0.00	0.03	0.09	0
440	125783451	0.00	0.06	0.07	0.13	0.00	0.00	0.10	0
441	160360158	0.00	0.12	0.14	0.08	0.00	0.00	0.08	0
442	163694155	0.04	0.11	0.20	0.20	0.00	0.00	0.08	0
443	168068123	0.00	0.08	0.19	0.08	0.00	0.00	0.13	0
444	4263993	0.00	0.37	0.30	0.07	0.00	0.00	0.24	0
445	55329048	0.00	0.05	0.30	0.09	0.00	0.04	0.21	0
446	62395860	0.00	0.21	0.22	0.11	0.00	0.00	0.08	0
447	66524820	0.04	0.14	0.08	0.05	0.00	0.03	0.11	0
448	82149004	0.00	0.15	0.22	0.09	0.00	0.02	0.11	0
449	110407941	0.00	0.06	0.19	0.05	0.00	0.00	0.19	0
450	115991340	0.00	0.17	0.21	0.09	0.00	0.00	0.06	0
451	125626756	0.00	0.21	0.20	0.07	0.00	0.00	0.15	0
452	153757958	0.05	0.12	0.12	0.17	0.00	0.04	0.14	0
453	834402	0.00	0.13	0.25	0.10	0.00	0.02	0.14	0
454	3634426	0.00	0.22	0.11	0.19	0.00	0.00	0.14	0
455	33248024	0.00	0.10	0.14	0.20	0.00	0.04	0.07	0
456	33917390	0.00	0.21	0.32	0.10	0.00	0.00	0.08	0
457	54062163	0.00	0.07	0.20	0.22	0.00	0.00	0.14	0
458	90237255	0.02	0.08	0.17	0.09	0.03	0.00	0.20	0
459	118006718	0.00	0.19	0.11	0.15	0.00	0.00	0.18	0
460	122597695	0.00	0.14	0.21	0.12	0.00	0.02	0.05	0
461	130096312	0.00	0.09	0.23	0.09	0.00	0.00	0.10	0
462	137652762	0.00	0.08	0.11	0.14	0.00	0.00	0.12	0
463	71760342	0.00	0.12	0.26	0.09	0.00	0.03	0.15	0
464	81533950	0.00	0.14	0.27	0.16	0.00	0.00	0.09	0
465	96384870	0.03	0.05	0.11	0.11	0.03	0.02	0.10	0
466	105664209	0.00	0.10	0.20	0.08	0.00	0.00	0.21	0
467	119450975	0.00	0.23	0.30	0.07	0.00	0.00	0.09	0
468	4969353	0.00	0.17	0.36	0.18	0.00	0.00	0.38	0
469	14296521	0.00	0.16	0.34	0.16	0.00	0.00	0.27	0
470	90234975	0.00	0.22	0.30	0.18	0.00	0.00	0.25	0
471	97826410	0.00	0.13	0.40	0.10	0.00	0.00	0.17	0
